,precision,recall,f1-score,support
positive,0.5778352738249245,0.8276714021000617,0.6805485017775521,1619.0
neutral,0.002162162162162162,0.125,0.004250797024442083,16.0
negative,0.4569408740359897,0.45431309904153355,0.4556231976930471,1565.0
micro avg,0.42770833333333336,0.6415625,0.51325,3200.0
macro avg,0.3456461033410254,0.46899483371386513,0.38014083216501376,3200.0
weighted avg,0.5158319908698348,0.6415625,0.5671644817249583,3200.0
